precision_bits,profile,model_id,model_label,model_name,config_file,trace_id,x_value,official_max_context_tokens,is_extrapolated,phase,experiment,execution_mode,logits_mode,include_self_attention,batch,prompt_lengths,cached_lengths,average_prompt_tokens,max_prompt_tokens,valid_input_tokens,executed_input_tokens,valid_causal_pair_slots,executed_causal_pair_slots,valid_logit_positions,executed_logit_positions,output_head_parameters,output_head_parameters_configured,output_head_weight_bits,topk_cached_prefix_union_policy,token_efficiency,causal_pair_efficiency,total_flops,total_compulsory_bytes,total_operand_bytes,flops_per_input_token,compulsory_bytes_per_input_token,operand_bytes_per_input_token,bytes_per_flop,tbps_per_pflops,operand_bytes_per_flop,operand_tbps_per_pflops,cache_bytes_total,kv_cache_bytes_total,index_cache_bytes_total,state_cache_bytes_total,cache_bytes_per_request,kv_cache_bytes_per_request,index_cache_bytes_per_request,state_cache_bytes_per_request,expert_weight_sets_read,useful_expert_weight_sets_read,batch_parameter_flops,batch_attention_flops,batch_index_flops,batch_state_flops,batch_extra_flops,batch_weight_read_bytes,batch_kv_read_bytes,batch_kv_write_bytes,batch_index_read_bytes,batch_index_write_bytes,batch_state_read_bytes,batch_state_write_bytes,batch_activation_bytes,batch_other_read_bytes,batch_total_flops,batch_total_bytes,useful_parameter_flops,useful_attention_flops,useful_index_flops,useful_state_flops,useful_extra_flops,useful_weight_read_bytes,useful_kv_read_bytes,useful_kv_write_bytes,useful_index_read_bytes,useful_index_write_bytes,useful_state_read_bytes,useful_state_write_bytes,useful_activation_bytes,useful_other_read_bytes,useful_total_flops,useful_total_bytes,per_input_parameter_flops,per_input_attention_flops,per_input_index_flops,per_input_state_flops,per_input_extra_flops,per_input_weight_read_bytes,per_input_kv_read_bytes,per_input_kv_write_bytes,per_input_index_read_bytes,per_input_index_write_bytes,per_input_state_read_bytes,per_input_state_write_bytes,per_input_activation_bytes,per_input_other_read_bytes,per_input_total_flops,per_input_total_bytes,batch_operand_parameter_flops,batch_operand_attention_flops,batch_operand_index_flops,batch_operand_state_flops,batch_operand_extra_flops,batch_operand_weight_read_bytes,batch_operand_kv_read_bytes,batch_operand_kv_write_bytes,batch_operand_index_read_bytes,batch_operand_index_write_bytes,batch_operand_state_read_bytes,batch_operand_state_write_bytes,batch_operand_activation_bytes,batch_operand_other_read_bytes,batch_operand_total_flops,batch_operand_total_bytes,useful_operand_parameter_flops,useful_operand_attention_flops,useful_operand_index_flops,useful_operand_state_flops,useful_operand_extra_flops,useful_operand_weight_read_bytes,useful_operand_kv_read_bytes,useful_operand_kv_write_bytes,useful_operand_index_read_bytes,useful_operand_index_write_bytes,useful_operand_state_read_bytes,useful_operand_state_write_bytes,useful_operand_activation_bytes,useful_operand_other_read_bytes,useful_operand_total_flops,useful_operand_total_bytes,per_input_operand_parameter_flops,per_input_operand_attention_flops,per_input_operand_index_flops,per_input_operand_state_flops,per_input_operand_extra_flops,per_input_operand_weight_read_bytes,per_input_operand_kv_read_bytes,per_input_operand_kv_write_bytes,per_input_operand_index_read_bytes,per_input_operand_index_write_bytes,per_input_operand_state_read_bytes,per_input_operand_state_write_bytes,per_input_operand_activation_bytes,per_input_operand_other_read_bytes,per_input_operand_total_flops,per_input_operand_total_bytes
16,16-bit weight+KV,deepseek_r1,DeepSeek-R1,DeepSeek-R1 MLA 16-bit weight+KV theoretical deployment,deepseek_r1_mla_16bit.json,ragged_R1,1,131072,false,prefill,ragged,varlen,last,True,4,"[128, 512, 2048, 64]","[0, 0, 0, 0]",688.0,2048,2752,2752,2239840.0,2239840.0,4,4,926679040.0,True,16.0,not_applicable,1.0,1.0,234544101326848.0,1340430278656.0,1497828315136.0,85226781005.39536,487074955.90697676,544269009.8604652,0.005715045789141586,5.715045789141586,0.006386126560687652,6.386126560687653,193388544.0,193388544.0,0.0,0.0,48347136.0,48347136.0,0.0,0.0,"{""routed_ffn_experts"":256.0}","{""routed_ffn_experts"":256.0}",196488753840128.0,38055347486720.0,0.0,0.0,0.0,1340197437440.0,0.0,193388544.0,0.0,0.0,0.0,0.0,0.0,39452672.0,234544101326848.0,1340430278656.0,196488753840128.0,38055347486720.0,0.0,0.0,0.0,1340197437440.0,0.0,193388544.0,0.0,0.0,0.0,0.0,0.0,39452672.0,234544101326848.0,1340430278656.0,71398529738.41861,13828251266.976744,0.0,0.0,0.0,486990347.90697676,0.0,70272.0,0.0,0.0,0.0,0.0,0.0,14336.0,85226781005.39536,487074955.90697676,196488753840128.0,38055347486720.0,0.0,0.0,0.0,1340197437440.0,157398036480.0,193388544.0,0.0,0.0,0.0,0.0,0.0,39452672.0,234544101326848.0,1497828315136.0,196488753840128.0,38055347486720.0,0.0,0.0,0.0,1340197437440.0,157398036480.0,193388544.0,0.0,0.0,0.0,0.0,0.0,39452672.0,234544101326848.0,1497828315136.0,71398529738.41861,13828251266.976744,0.0,0.0,0.0,486990347.90697676,57194053.95348837,70272.0,0.0,0.0,0.0,0.0,0.0,14336.0,85226781005.39536,544269009.8604652
16,16-bit weight+KV,deepseek_r1,DeepSeek-R1,DeepSeek-R1 MLA 16-bit weight+KV theoretical deployment,deepseek_r1_mla_16bit.json,ragged_R1,1,131072,false,prefill,ragged,padded,last,True,4,"[128, 512, 2048, 64]","[0, 0, 0, 0]",688.0,2048,2752,8192,2239840.0,8392704.0,4,4,926679040.0,True,16.0,not_applicable,0.3359375,0.26687942288921424,727475887800320.0,1340508266496.0,1930280361984.0,264344435973.9535,487103294.5116279,701410015.2558141,0.0018426841204996023,1.8426841204996023,0.002653394283377032,2.6533942833770316,193388544.0,193388544.0,0.0,0.0,48347136.0,48347136.0,0.0,0.0,"{""routed_ffn_experts"":256.0}","{""routed_ffn_experts"":256.0}",584882101157888.0,142593786642432.0,0.0,0.0,0.0,1340197437440.0,0.0,193388544.0,0.0,0.0,0.0,0.0,0.0,117440512.0,727475887800320.0,1340508266496.0,196488753840128.0,38055347486720.0,0.0,0.0,0.0,1340197437440.0,0.0,193388544.0,0.0,0.0,0.0,0.0,0.0,39452672.0,234544101326848.0,1340430278656.0,212529833269.5814,51814602704.37209,0.0,0.0,0.0,486990347.90697676,0.0,70272.0,0.0,0.0,0.0,0.0,0.0,42674.604651162794,264344435973.9535,487103294.5116279,584882101157888.0,142593786642432.0,0.0,0.0,0.0,1340197437440.0,589772095488.0,193388544.0,0.0,0.0,0.0,0.0,0.0,117440512.0,727475887800320.0,1930280361984.0,196488753840128.0,38055347486720.0,0.0,0.0,0.0,1340197437440.0,157398036480.0,193388544.0,0.0,0.0,0.0,0.0,0.0,39452672.0,234544101326848.0,1497828315136.0,212529833269.5814,51814602704.37209,0.0,0.0,0.0,486990347.90697676,214306720.74418604,70272.0,0.0,0.0,0.0,0.0,0.0,42674.604651162794,264344435973.9535,701410015.2558141
16,16-bit weight+KV,deepseek_r1,DeepSeek-R1,DeepSeek-R1 MLA 16-bit weight+KV theoretical deployment,deepseek_r1_mla_16bit.json,ragged_R2,2,131072,false,prefill,ragged,varlen,last,True,4,"[256, 256, 1024, 4096]","[0, 0, 0, 0]",1408.0,4096,5632,5632,8981248.0,8981248.0,4,4,926679040.0,True,16.0,not_applicable,1.0,1.0,554702032863232.0,1340673949696.0,1971804209152.0,98491127994.18182,238045800.72727272,350107281.45454544,0.0024169263320990174,2.4169263320990173,0.003554708820831328,3.554708820831328,395771904.0,395771904.0,0.0,0.0,98942976.0,98942976.0,0.0,0.0,"{""routed_ffn_experts"":256.0}","{""routed_ffn_experts"":256.0}",402108761243648.0,152593271619584.0,0.0,0.0,0.0,1340197437440.0,0.0,395771904.0,0.0,0.0,0.0,0.0,0.0,80740352.0,554702032863232.0,1340673949696.0,402108761243648.0,152593271619584.0,0.0,0.0,0.0,1340197437440.0,0.0,395771904.0,0.0,0.0,0.0,0.0,0.0,80740352.0,554702032863232.0,1340673949696.0,71397152209.45454,27093975784.727272,0.0,0.0,0.0,237961192.72727272,0.0,70272.0,0.0,0.0,0.0,0.0,0.0,14336.0,98491127994.18182,238045800.72727272,402108761243648.0,152593271619584.0,0.0,0.0,0.0,1340197437440.0,631130259456.0,395771904.0,0.0,0.0,0.0,0.0,0.0,80740352.0,554702032863232.0,1971804209152.0,402108761243648.0,152593271619584.0,0.0,0.0,0.0,1340197437440.0,631130259456.0,395771904.0,0.0,0.0,0.0,0.0,0.0,80740352.0,554702032863232.0,1971804209152.0,71397152209.45454,27093975784.727272,0.0,0.0,0.0,237961192.72727272,112061480.72727273,70272.0,0.0,0.0,0.0,0.0,0.0,14336.0,98491127994.18182,350107281.45454544
16,16-bit weight+KV,deepseek_r1,DeepSeek-R1,DeepSeek-R1 MLA 16-bit weight+KV theoretical deployment,deepseek_r1_mla_16bit.json,ragged_R2,2,131072,false,prefill,ragged,padded,last,True,4,"[256, 256, 1024, 4096]","[0, 0, 0, 0]",1408.0,4096,5632,16384,8981248.0,33562624.0,4,4,926679040.0,True,16.0,not_applicable,0.34375,0.26759671711008054,1739992751669248.0,1340828090368.0,3699340804096.0,308947576645.8182,238073169.45454544,656843182.5454546,0.0007705940666026841,0.770594066602684,0.002126066789960514,2.126066789960514,395771904.0,395771904.0,0.0,0.0,98942976.0,98942976.0,0.0,0.0,"{""routed_ffn_experts"":256.0}","{""routed_ffn_experts"":256.0}",1169756788883456.0,570235962785792.0,0.0,0.0,0.0,1340197437440.0,0.0,395771904.0,0.0,0.0,0.0,0.0,0.0,234881024.0,1739992751669248.0,1340828090368.0,402108761243648.0,152593271619584.0,0.0,0.0,0.0,1340197437440.0,0.0,395771904.0,0.0,0.0,0.0,0.0,0.0,80740352.0,554702032863232.0,1340673949696.0,207698293480.72726,101249283165.09091,0.0,0.0,0.0,237961192.72727272,0.0,70272.0,0.0,0.0,0.0,0.0,0.0,41704.72727272727,308947576645.8182,238073169.45454544,1169756788883456.0,570235962785792.0,0.0,0.0,0.0,1340197437440.0,2358512713728.0,395771904.0,0.0,0.0,0.0,0.0,0.0,234881024.0,1739992751669248.0,3699340804096.0,402108761243648.0,152593271619584.0,0.0,0.0,0.0,1340197437440.0,631130259456.0,395771904.0,0.0,0.0,0.0,0.0,0.0,80740352.0,554702032863232.0,1971804209152.0,207698293480.72726,101249283165.09091,0.0,0.0,0.0,237961192.72727272,418770013.0909091,70272.0,0.0,0.0,0.0,0.0,0.0,41704.72727272727,308947576645.8182,656843182.5454546
16,16-bit weight+KV,deepseek_v4_pro,DeepSeek-V4-Pro,DeepSeek-V4-Pro 16-bit weight+KV theoretical deployment,deepseek_v4_pro_16bit.json,ragged_R1,1,1048576,false,prefill,ragged,varlen,last,True,4,"[128, 512, 2048, 64]","[0, 0, 0, 0]",688.0,2048,2752,2752,2239840.0,2239840.0,4,4,926679040.0,True,16.0,not_applicable,1.0,1.0,273719390109696.0,3144369001472.0,3183223461888.0,99461987685.2093,1142575945.3023257,1156694571.9069767,0.011487563961807237,11.487563961807238,0.011629513936196807,11.629513936196807,51106816.0,49785856.0,1320960.0,0.0,12776704.0,12446464.0,330240.0,0.0,"{""16bit_routed_experts"":384.0}","{""16bit_routed_experts"":384.0}",263772648243200.0,9672017575936.0,274724290560.0,0.0,0.0,3144134524928.0,0.0,193702912.0,0.0,1320960.0,0.0,0.0,0.0,39452672.0,273719390109696.0,3144369001472.0,263772648243200.0,9672017575936.0,274724290560.0,0.0,0.0,3144134524928.0,0.0,193702912.0,0.0,1320960.0,0.0,0.0,0.0,39452672.0,273719390109696.0,3144369001472.0,95847619274.41861,3514541270.3255816,99827140.46511628,0.0,0.0,1142490743.0697675,0.0,70386.23255813953,0.0,480.0,0.0,0.0,0.0,14336.0,99461987685.2093,1142575945.3023257,263772648243200.0,9672017575936.0,274724290560.0,0.0,0.0,3144134524928.0,37781318656.0,193702912.0,1073141760.0,1320960.0,0.0,0.0,0.0,39452672.0,273719390109696.0,3183223461888.0,263772648243200.0,9672017575936.0,274724290560.0,0.0,0.0,3144134524928.0,37781318656.0,193702912.0,1073141760.0,1320960.0,0.0,0.0,0.0,39452672.0,273719390109696.0,3183223461888.0,95847619274.41861,3514541270.3255816,99827140.46511628,0.0,0.0,1142490743.0697675,13728676.837209303,70386.23255813953,389949.76744186046,480.0,0.0,0.0,0.0,14336.0,99461987685.2093,1156694571.9069767
16,16-bit weight+KV,deepseek_v4_pro,DeepSeek-V4-Pro,DeepSeek-V4-Pro 16-bit weight+KV theoretical deployment,deepseek_v4_pro_16bit.json,ragged_R1,1,1048576,false,prefill,ragged,padded,last,True,4,"[128, 512, 2048, 64]","[0, 0, 0, 0]",688.0,2048,2752,8192,2239840.0,8392704.0,4,4,926679040.0,True,16.0,not_applicable,0.3359375,0.26687942288921424,819422866440192.0,3144446989312.0,3278250988544.0,297755402049.48834,1142604283.906977,1191224923.1627908,0.003837392289249115,3.837392289249115,0.00400068282544477,4.00068282544477,51106816.0,49785856.0,1320960.0,0.0,12776704.0,12446464.0,330240.0,0.0,"{""16bit_routed_experts"":384.0}","{""16bit_routed_experts"":384.0}",785169042636800.0,33224038285312.0,1029785518080.0,0.0,0.0,3144134524928.0,0.0,193702912.0,0.0,1320960.0,0.0,0.0,0.0,117440512.0,819422866440192.0,3144446989312.0,263772648243200.0,9672017575936.0,274724290560.0,0.0,0.0,3144134524928.0,0.0,193702912.0,0.0,1320960.0,0.0,0.0,0.0,39452672.0,273719390109696.0,3144369001472.0,285308518400.0,12072688330.418604,374195319.0697674,0.0,0.0,1142490743.0697675,0.0,70386.23255813953,0.0,480.0,0.0,0.0,0.0,42674.604651162794,297755402049.48834,1142604283.906977,785169042636800.0,33224038285312.0,1029785518080.0,0.0,0.0,3144134524928.0,129781399552.0,193702912.0,4022599680.0,1320960.0,0.0,0.0,0.0,117440512.0,819422866440192.0,3278250988544.0,263772648243200.0,9672017575936.0,274724290560.0,0.0,0.0,3144134524928.0,37781318656.0,193702912.0,1073141760.0,1320960.0,0.0,0.0,0.0,39452672.0,273719390109696.0,3183223461888.0,285308518400.0,12072688330.418604,374195319.0697674,0.0,0.0,1142490743.0697675,47158938.79069767,70386.23255813953,1461700.465116279,480.0,0.0,0.0,0.0,42674.604651162794,297755402049.48834,1191224923.1627908
16,16-bit weight+KV,deepseek_v4_pro,DeepSeek-V4-Pro,DeepSeek-V4-Pro 16-bit weight+KV theoretical deployment,deepseek_v4_pro_16bit.json,ragged_R2,2,1048576,false,prefill,ragged,varlen,last,True,4,"[256, 256, 1024, 4096]","[0, 0, 0, 0]",1408.0,4096,5632,5632,8981248.0,8981248.0,4,4,926679040.0,True,16.0,not_applicable,1.0,1.0,570105149784064.0,3144614416384.0,3262970339328.0,101226056424.72726,558347730.1818182,579362631.2727274,0.005515849870107419,5.515849870107419,0.005723453542848893,5.723453542848893,79335424.0,76632064.0,2703360.0,0.0,19833856.0,19158016.0,675840.0,0.0,"{""16bit_routed_experts"":384.0}","{""16bit_routed_experts"":384.0}",539806033510400.0,29196538609664.0,1102577664000.0,0.0,0.0,3144134524928.0,0.0,396447744.0,0.0,2703360.0,0.0,0.0,0.0,80740352.0,570105149784064.0,3144614416384.0,539806033510400.0,29196538609664.0,1102577664000.0,0.0,0.0,3144134524928.0,0.0,396447744.0,0.0,2703360.0,0.0,0.0,0.0,80740352.0,570105149784064.0,3144614416384.0,95846241745.45454,5184044497.454546,195770181.8181818,0.0,0.0,558262522.1818182,0.0,70392.0,0.0,480.0,0.0,0.0,0.0,14336.0,101226056424.72726,558347730.1818182,539806033510400.0,29196538609664.0,1102577664000.0,0.0,0.0,3144134524928.0,114048978944.0,396447744.0,4306944000.0,2703360.0,0.0,0.0,0.0,80740352.0,570105149784064.0,3262970339328.0,539806033510400.0,29196538609664.0,1102577664000.0,0.0,0.0,3144134524928.0,114048978944.0,396447744.0,4306944000.0,2703360.0,0.0,0.0,0.0,80740352.0,570105149784064.0,3262970339328.0,95846241745.45454,5184044497.454546,195770181.8181818,0.0,0.0,558262522.1818182,20250173.81818182,70392.0,764727.2727272727,480.0,0.0,0.0,0.0,14336.0,101226056424.72726,579362631.2727274
16,16-bit weight+KV,deepseek_v4_pro,DeepSeek-V4-Pro,DeepSeek-V4-Pro 16-bit weight+KV theoretical deployment,deepseek_v4_pro_16bit.json,ragged_R2,2,1048576,false,prefill,ragged,padded,last,True,4,"[256, 256, 1024, 4096]","[0, 0, 0, 0]",1408.0,4096,5632,16384,8981248.0,33562624.0,4,4,926679040.0,True,16.0,not_applicable,0.34375,0.26759671711008054,1675470296842240.0,3144768557056.0,3555470217216.0,297491174865.4545,558375098.909091,631297978.909091,0.0018769467671154467,1.8769467671154467,0.00212207296298657,2.1220729629865698,79335424.0,76632064.0,2703360.0,0.0,19833856.0,19158016.0,675840.0,0.0,"{""16bit_routed_experts"":384.0}","{""16bit_routed_experts"":384.0}",1570330671841280.0,101018469662720.0,4121155338240.0,0.0,0.0,3144134524928.0,0.0,396447744.0,0.0,2703360.0,0.0,0.0,0.0,234881024.0,1675470296842240.0,3144768557056.0,539806033510400.0,29196538609664.0,1102577664000.0,0.0,0.0,3144134524928.0,0.0,396447744.0,0.0,2703360.0,0.0,0.0,0.0,80740352.0,570105149784064.0,3144614416384.0,278822917585.4545,17936518050.909092,731739229.0909091,0.0,0.0,558262522.1818182,0.0,70392.0,0.0,480.0,0.0,0.0,0.0,41704.72727272727,297491174865.4545,558375098.909091,1570330671841280.0,101018469662720.0,4121155338240.0,0.0,0.0,3144134524928.0,394603397120.0,396447744.0,16098263040.0,2703360.0,0.0,0.0,0.0,234881024.0,1675470296842240.0,3555470217216.0,539806033510400.0,29196538609664.0,1102577664000.0,0.0,0.0,3144134524928.0,114048978944.0,396447744.0,4306944000.0,2703360.0,0.0,0.0,0.0,80740352.0,570105149784064.0,3262970339328.0,278822917585.4545,17936518050.909092,731739229.0909091,0.0,0.0,558262522.1818182,70064523.63636364,70392.0,2858356.3636363638,480.0,0.0,0.0,0.0,41704.72727272727,297491174865.4545,631297978.909091
16,16-bit weight+KV,glm_5_2,GLM-5.2,GLM-5.2 MLA+DSA IndexShare 16-bit weight+KV theoretical deployment,glm_5_2_dsa_16bit.json,ragged_R1,1,1048576,false,prefill,ragged,varlen,last,True,4,"[128, 512, 2048, 64]","[0, 0, 0, 0]",688.0,2048,2752,2752,2239840.0,2239840.0,4,4,951582720.0,True,16.0,not_applicable,1.0,1.0,241287814967520.0,1485144391680.0,1698448834560.0,87677258345.75581,539660026.0465117,617168907.9069767,0.0061550741461184715,6.155074146118471,0.007039099072568708,7.039099072568708,262078464.0,247283712.0,14794752.0,0.0,65519616.0,61820928.0,3698688.0,0.0,"{""16bit_routed_ffn_experts"":256.0}","{""16bit_routed_ffn_experts"":256.0}",216568965365760.0,24330468065280.0,388381536480.0,0.0,0.0,1484848496640.0,0.0,247283712.0,0.0,14794752.0,0.0,0.0,0.0,33816576.0,241287814967520.0,1485144391680.0,216568965365760.0,24330468065280.0,388381536480.0,0.0,0.0,1484848496640.0,0.0,247283712.0,0.0,14794752.0,0.0,0.0,0.0,33816576.0,241287814967520.0,1485144391680.0,78695118228.8372,8841013105.11628,141127011.80232558,0.0,0.0,539552506.0465117,0.0,89856.0,0.0,5376.0,0.0,0.0,0.0,12288.0,87677258345.75581,539660026.0465117,216568965365760.0,24330468065280.0,388381536480.0,0.0,0.0,1484848496640.0,201263063040.0,247283712.0,12041379840.0,14794752.0,0.0,0.0,0.0,33816576.0,241287814967520.0,1698448834560.0,216568965365760.0,24330468065280.0,388381536480.0,0.0,0.0,1484848496640.0,201263063040.0,247283712.0,12041379840.0,14794752.0,0.0,0.0,0.0,33816576.0,241287814967520.0,1698448834560.0,78695118228.8372,8841013105.11628,141127011.80232558,0.0,0.0,539552506.0465117,73133380.46511628,89856.0,4375501.395348838,5376.0,0.0,0.0,0.0,12288.0,87677258345.75581,617168907.9069767
16,16-bit weight+KV,glm_5_2,GLM-5.2,GLM-5.2 MLA+DSA IndexShare 16-bit weight+KV theoretical deployment,glm_5_2_dsa_16bit.json,ragged_R1,1,1048576,false,prefill,ragged,padded,last,True,4,"[128, 512, 2048, 64]","[0, 0, 0, 0]",688.0,2048,2752,8192,2239840.0,8392704.0,4,4,951582720.0,True,16.0,not_applicable,0.3359375,0.26687942288921424,737277149270016.0,1485211238400.0,2284465225728.0,267905940868.4651,539684316.2790698,830110910.5116279,0.002014454455655542,2.014454455655542,0.0030985162472346624,3.0985162472346626,262078464.0,247283712.0,14794752.0,0.0,65519616.0,61820928.0,3698688.0,0.0,"{""16bit_routed_ffn_experts"":256.0}","{""16bit_routed_ffn_experts"":256.0}",644655360245760.0,91166519328768.0,1455269695488.0,0.0,0.0,1484848496640.0,0.0,247283712.0,0.0,14794752.0,0.0,0.0,0.0,100663296.0,737277149270016.0,1485211238400.0,216568965365760.0,24330468065280.0,388381536480.0,0.0,0.0,1484848496640.0,0.0,247283712.0,0.0,14794752.0,0.0,0.0,0.0,33816576.0,241287814967520.0,1485144391680.0,234249767531.16278,33127368942.139534,528804395.1627907,0.0,0.0,539552506.0465117,0.0,89856.0,0.0,5376.0,0.0,0.0,0.0,36578.232558139534,267905940868.4651,539684316.2790698,644655360245760.0,91166519328768.0,1455269695488.0,0.0,0.0,1484848496640.0,754134810624.0,247283712.0,45119176704.0,14794752.0,0.0,0.0,0.0,100663296.0,737277149270016.0,2284465225728.0,216568965365760.0,24330468065280.0,388381536480.0,0.0,0.0,1484848496640.0,201263063040.0,247283712.0,12041379840.0,14794752.0,0.0,0.0,0.0,33816576.0,241287814967520.0,1698448834560.0,234249767531.16278,33127368942.139534,528804395.1627907,0.0,0.0,539552506.0465117,274031544.5581395,89856.0,16395049.674418604,5376.0,0.0,0.0,0.0,36578.232558139534,267905940868.4651,830110910.5116279
16,16-bit weight+KV,glm_5_2,GLM-5.2,GLM-5.2 MLA+DSA IndexShare 16-bit weight+KV theoretical deployment,glm_5_2_dsa_16bit.json,ragged_R2,2,1048576,false,prefill,ragged,varlen,last,True,4,"[256, 256, 1024, 4096]","[0, 0, 0, 0]",1408.0,4096,5632,5632,8981248.0,8981248.0,4,4,951582720.0,True,16.0,not_applicable,1.0,1.0,519528263427840.0,1485454049280.0,2152222556160.0,92245785409.77274,263752494.54545456,382141789.09090906,0.002859236260755085,2.8592362607550847,0.00414264768187907,4.14264768187907,536346624.0,506068992.0,30277632.0,0.0,134086656.0,126517248.0,7569408.0,0.0,"{""16bit_routed_ffn_experts"":256.0}","{""16bit_routed_ffn_experts"":256.0}",443202939125760.0,74768002842624.0,1557321459456.0,0.0,0.0,1484848496640.0,0.0,506068992.0,0.0,30277632.0,0.0,0.0,0.0,69206016.0,519528263427840.0,1485454049280.0,443202939125760.0,74768002842624.0,1557321459456.0,0.0,0.0,1484848496640.0,0.0,506068992.0,0.0,30277632.0,0.0,0.0,0.0,69206016.0,519528263427840.0,1485454049280.0,78693703680.0,13275568686.545454,276513043.22727275,0.0,0.0,263644974.54545456,0.0,89856.0,0.0,5376.0,0.0,0.0,0.0,12288.0,92245785409.77274,263752494.54545456,443202939125760.0,74768002842624.0,1557321459456.0,0.0,0.0,1484848496640.0,618485317632.0,506068992.0,48283189248.0,30277632.0,0.0,0.0,0.0,69206016.0,519528263427840.0,2152222556160.0,443202939125760.0,74768002842624.0,1557321459456.0,0.0,0.0,1484848496640.0,618485317632.0,506068992.0,48283189248.0,30277632.0,0.0,0.0,0.0,69206016.0,519528263427840.0,2152222556160.0,78693703680.0,13275568686.545454,276513043.22727275,0.0,0.0,263644974.54545456,109816285.0909091,89856.0,8573009.454545455,5376.0,0.0,0.0,0.0,12288.0,92245785409.77274,382141789.09090906
16,16-bit weight+KV,glm_5_2,GLM-5.2,GLM-5.2 MLA+DSA IndexShare 16-bit weight+KV theoretical deployment,glm_5_2_dsa_16bit.json,ragged_R2,2,1048576,false,prefill,ragged,padded,last,True,4,"[256, 256, 1024, 4096]","[0, 0, 0, 0]",1408.0,4096,5632,16384,8981248.0,33562624.0,4,4,951582720.0,True,16.0,not_applicable,0.34375,0.26759671711008054,1568533337776128.0,1485586169856.0,3927687168000.0,278503788667.63635,263775953.45454547,697387636.3636363,0.000947118007681156,0.947118007681156,0.0025040508055561564,2.5040508055561563,536346624.0,506068992.0,30277632.0,0.0,134086656.0,126517248.0,7569408.0,0.0,"{""16bit_routed_ffn_experts"":256.0}","{""16bit_routed_ffn_experts"":256.0}",1289303107829760.0,273410571632640.0,5819658313728.0,0.0,0.0,1484848496640.0,0.0,506068992.0,0.0,30277632.0,0.0,0.0,0.0,201326592.0,1568533337776128.0,1485586169856.0,443202939125760.0,74768002842624.0,1557321459456.0,0.0,0.0,1484848496640.0,0.0,506068992.0,0.0,30277632.0,0.0,0.0,0.0,69206016.0,519528263427840.0,1485454049280.0,228924557498.18182,48545911156.36364,1033320013.0909091,0.0,0.0,263644974.54545456,0.0,89856.0,0.0,5376.0,0.0,0.0,0.0,35746.90909090909,278503788667.63635,263775953.45454547,1289303107829760.0,273410571632640.0,5819658313728.0,0.0,0.0,1484848496640.0,2261668331520.0,506068992.0,180432666624.0,30277632.0,0.0,0.0,0.0,201326592.0,1568533337776128.0,3927687168000.0,443202939125760.0,74768002842624.0,1557321459456.0,0.0,0.0,1484848496640.0,618485317632.0,506068992.0,48283189248.0,30277632.0,0.0,0.0,0.0,69206016.0,519528263427840.0,2152222556160.0,228924557498.18182,48545911156.36364,1033320013.0909091,0.0,0.0,263644974.54545456,401574632.72727275,89856.0,32037050.181818184,5376.0,0.0,0.0,0.0,35746.90909090909,278503788667.63635,697387636.3636363
16,16-bit weight+KV,qwen3_235b_a22b,Qwen3-235B-A22B,Qwen3-235B-A22B 16-bit weight+KV theoretical deployment,qwen3_235b_a22b_16bit.json,ragged_R1,1,40960,false,prefill,ragged,varlen,last,True,4,"[128, 512, 2048, 64]","[0, 0, 0, 0]",688.0,2048,2752,2752,2239840.0,2239840.0,4,4,622329856.0,True,16.0,not_applicable,1.0,1.0,122187077910528.0,469493350400.0,900689428480.0,44399374240.74419,170600781.39534885,327285402.7906977,0.0038424140950795833,3.842414095079583,0.007371396745730621,7.371396745730621,529793024.0,529793024.0,0.0,0.0,132448256.0,132448256.0,0.0,0.0,"{""16bit_routed_ffn_experts"":128.0}","{""16bit_routed_ffn_experts"":128.0}",115287940661248.0,6899137249280.0,0.0,0.0,0.0,468941012992.0,0.0,529793024.0,0.0,0.0,0.0,0.0,0.0,22544384.0,122187077910528.0,469493350400.0,115287940661248.0,6899137249280.0,0.0,0.0,0.0,468941012992.0,0.0,529793024.0,0.0,0.0,0.0,0.0,0.0,22544384.0,122187077910528.0,469493350400.0,41892420298.4186,2506953942.3255816,0.0,0.0,0.0,170400077.39534885,0.0,192512.0,0.0,0.0,0.0,0.0,0.0,8192.0,44399374240.74419,170600781.39534885,115287940661248.0,6899137249280.0,0.0,0.0,0.0,468941012992.0,431196078080.0,529793024.0,0.0,0.0,0.0,0.0,0.0,22544384.0,122187077910528.0,900689428480.0,115287940661248.0,6899137249280.0,0.0,0.0,0.0,468941012992.0,431196078080.0,529793024.0,0.0,0.0,0.0,0.0,0.0,22544384.0,122187077910528.0,900689428480.0,41892420298.4186,2506953942.3255816,0.0,0.0,0.0,170400077.39534885,156684621.39534885,192512.0,0.0,0.0,0.0,0.0,0.0,8192.0,44399374240.74419,327285402.7906977
16,16-bit weight+KV,qwen3_235b_a22b,Qwen3-235B-A22B,Qwen3-235B-A22B 16-bit weight+KV theoretical deployment,qwen3_235b_a22b_16bit.json,ragged_R1,1,40960,false,prefill,ragged,padded,last,True,4,"[128, 512, 2048, 64]","[0, 0, 0, 0]",688.0,2048,2752,8192,2239840.0,8392704.0,4,4,622329856.0,True,16.0,not_applicable,0.3359375,0.26687942288921424,369024005308416.0,469537914880.0,2085234147328.0,134093025184.74419,170616974.88372093,757715896.5581396,0.0012723776993520473,1.2723776993520473,0.005650673444902973,5.650673444902973,529793024.0,529793024.0,0.0,0.0,132448256.0,132448256.0,0.0,0.0,"{""16bit_routed_ffn_experts"":128.0}","{""16bit_routed_ffn_experts"":128.0}",343172865589248.0,25851139719168.0,0.0,0.0,0.0,468941012992.0,0.0,529793024.0,0.0,0.0,0.0,0.0,0.0,67108864.0,369024005308416.0,469537914880.0,115287940661248.0,6899137249280.0,0.0,0.0,0.0,468941012992.0,0.0,529793024.0,0.0,0.0,0.0,0.0,0.0,22544384.0,122187077910528.0,469493350400.0,124699442437.95349,9393582746.790697,0.0,0.0,0.0,170400077.39534885,0.0,192512.0,0.0,0.0,0.0,0.0,0.0,24385.488372093023,134093025184.74419,170616974.88372093,343172865589248.0,25851139719168.0,0.0,0.0,0.0,468941012992.0,1615696232448.0,529793024.0,0.0,0.0,0.0,0.0,0.0,67108864.0,369024005308416.0,2085234147328.0,115287940661248.0,6899137249280.0,0.0,0.0,0.0,468941012992.0,431196078080.0,529793024.0,0.0,0.0,0.0,0.0,0.0,22544384.0,122187077910528.0,900689428480.0,124699442437.95349,9393582746.790697,0.0,0.0,0.0,170400077.39534885,587098921.6744186,192512.0,0.0,0.0,0.0,0.0,0.0,24385.488372093023,134093025184.74419,757715896.5581396
16,16-bit weight+KV,qwen3_235b_a22b,Qwen3-235B-A22B,Qwen3-235B-A22B 16-bit weight+KV theoretical deployment,qwen3_235b_a22b_16bit.json,ragged_R2,2,40960,false,prefill,ragged,varlen,last,True,4,"[256, 256, 1024, 4096]","[0, 0, 0, 0]",1408.0,4096,5632,5632,8981248.0,8981248.0,4,4,622329856.0,True,16.0,not_applicable,1.0,1.0,263596869156864.0,470071377920.0,2199069392896.0,46803421370.181816,83464378.18181819,390459764.3636364,0.0017832965141944268,1.7832965141944268,0.008342547466249892,8.342547466249892,1084227584.0,1084227584.0,0.0,0.0,271056896.0,271056896.0,0.0,0.0,"{""16bit_routed_ffn_experts"":128.0}","{""16bit_routed_ffn_experts"":128.0}",235932900917248.0,27663968239616.0,0.0,0.0,0.0,468941012992.0,0.0,1084227584.0,0.0,0.0,0.0,0.0,0.0,46137344.0,263596869156864.0,470071377920.0,235932900917248.0,27663968239616.0,0.0,0.0,0.0,468941012992.0,0.0,1084227584.0,0.0,0.0,0.0,0.0,0.0,46137344.0,263596869156864.0,470071377920.0,41891495191.27273,4911926178.909091,0.0,0.0,0.0,83263674.18181819,0.0,192512.0,0.0,0.0,0.0,0.0,0.0,8192.0,46803421370.181816,83464378.18181819,235932900917248.0,27663968239616.0,0.0,0.0,0.0,468941012992.0,1728998014976.0,1084227584.0,0.0,0.0,0.0,0.0,0.0,46137344.0,263596869156864.0,2199069392896.0,235932900917248.0,27663968239616.0,0.0,0.0,0.0,468941012992.0,1728998014976.0,1084227584.0,0.0,0.0,0.0,0.0,0.0,46137344.0,263596869156864.0,2199069392896.0,41891495191.27273,4911926178.909091,0.0,0.0,0.0,83263674.18181819,306995386.1818182,192512.0,0.0,0.0,0.0,0.0,0.0,8192.0,46803421370.181816,390459764.3636364
16,16-bit weight+KV,qwen3_235b_a22b,Qwen3-235B-A22B,Qwen3-235B-A22B 16-bit weight+KV theoretical deployment,qwen3_235b_a22b_16bit.json,ragged_R2,2,40960,false,prefill,ragged,padded,last,True,4,"[256, 256, 1024, 4096]","[0, 0, 0, 0]",1408.0,4096,5632,16384,8981248.0,33562624.0,4,4,622329856.0,True,16.0,not_applicable,0.34375,0.26759671711008054,789720078483456.0,470159458304.0,6931367329792.0,140220184389.81818,83480017.45454545,1230711528.7272727,0.0005953495056208697,0.5953495056208697,0.00877699265681923,8.77699265681923,1084227584.0,1084227584.0,0.0,0.0,271056896.0,271056896.0,0.0,0.0,"{""16bit_routed_ffn_experts"":128.0}","{""16bit_routed_ffn_experts"":128.0}",686340752539648.0,103379325943808.0,0.0,0.0,0.0,468941012992.0,0.0,1084227584.0,0.0,0.0,0.0,0.0,0.0,134217728.0,789720078483456.0,470159458304.0,235932900917248.0,27663968239616.0,0.0,0.0,0.0,468941012992.0,0.0,1084227584.0,0.0,0.0,0.0,0.0,0.0,46137344.0,263596869156864.0,470071377920.0,121864480209.45454,18355704180.363636,0.0,0.0,0.0,83263674.18181819,0.0,192512.0,0.0,0.0,0.0,0.0,0.0,23831.272727272728,140220184389.81818,83480017.45454545,686340752539648.0,103379325943808.0,0.0,0.0,0.0,468941012992.0,6461207871488.0,1084227584.0,0.0,0.0,0.0,0.0,0.0,134217728.0,789720078483456.0,6931367329792.0,235932900917248.0,27663968239616.0,0.0,0.0,0.0,468941012992.0,1728998014976.0,1084227584.0,0.0,0.0,0.0,0.0,0.0,46137344.0,263596869156864.0,2199069392896.0,121864480209.45454,18355704180.363636,0.0,0.0,0.0,83263674.18181819,1147231511.2727273,192512.0,0.0,0.0,0.0,0.0,0.0,23831.272727272728,140220184389.81818,1230711528.7272727
16,16-bit weight+KV,llama_3_3_70b,Llama-3.3-70B,Llama-3.3-70B-Instruct 16-bit weight+KV theoretical deployment,llama_3_3_70b_16bit.json,ragged_R1,1,131072,false,prefill,ragged,varlen,last,True,4,"[128, 512, 2048, 64]","[0, 0, 0, 0]",688.0,2048,2752,2752,2239840.0,2239840.0,4,4,1050673152.0,True,16.0,not_applicable,1.0,1.0,382634542759936.0,139950292992.0,873901064192.0,139038714665.67444,50854030.88372093,317551258.79069763,0.0003657544663441546,0.36575446634415465,0.002283905310504816,2.283905310504816,901775360.0,901775360.0,0.0,0.0,225443840.0,225443840.0,0.0,0.0,{},{},376762936590336.0,5871606169600.0,0.0,0.0,0.0,139003428864.0,0.0,901775360.0,0.0,0.0,0.0,0.0,0.0,45088768.0,382634542759936.0,139950292992.0,376762936590336.0,5871606169600.0,0.0,0.0,0.0,139003428864.0,0.0,901775360.0,0.0,0.0,0.0,0.0,0.0,45088768.0,382634542759936.0,139950292992.0,136905136842.41861,2133577823.2558138,0.0,0.0,0.0,50509966.88372093,0.0,327680.0,0.0,0.0,0.0,0.0,0.0,16384.0,139038714665.67444,50854030.88372093,376762936590336.0,5871606169600.0,0.0,0.0,0.0,139003428864.0,733950771200.0,901775360.0,0.0,0.0,0.0,0.0,0.0,45088768.0,382634542759936.0,873901064192.0,376762936590336.0,5871606169600.0,0.0,0.0,0.0,139003428864.0,733950771200.0,901775360.0,0.0,0.0,0.0,0.0,0.0,45088768.0,382634542759936.0,873901064192.0,136905136842.41861,2133577823.2558138,0.0,0.0,0.0,50509966.88372093,266697227.90697673,327680.0,0.0,0.0,0.0,0.0,0.0,16384.0,139038714665.67444,317551258.79069763
16,16-bit weight+KV,llama_3_3_70b,Llama-3.3-70B,Llama-3.3-70B-Instruct 16-bit weight+KV theoretical deployment,llama_3_3_70b_16bit.json,ragged_R1,1,131072,false,prefill,ragged,padded,last,True,4,"[128, 512, 2048, 64]","[0, 0, 0, 0]",688.0,2048,2752,8192,2239840.0,8392704.0,4,4,1050673152.0,True,16.0,not_applicable,0.3359375,0.26687942288921424,1143511235690496.0,140039421952.0,2890160668672.0,415520071108.4651,50886417.86046511,1050203731.3488371,0.00012246440400512446,0.12246440400512447,0.0025274440499282107,2.5274440499282105,901775360.0,901775360.0,0.0,0.0,225443840.0,225443840.0,0.0,0.0,{},{},1121510265716736.0,22000969973760.0,0.0,0.0,0.0,139003428864.0,0.0,901775360.0,0.0,0.0,0.0,0.0,0.0,134217728.0,1143511235690496.0,140039421952.0,376762936590336.0,5871606169600.0,0.0,0.0,0.0,139003428864.0,0.0,901775360.0,0.0,0.0,0.0,0.0,0.0,45088768.0,382634542759936.0,139950292992.0,407525532600.5581,7994538507.906977,0.0,0.0,0.0,50509966.88372093,0.0,327680.0,0.0,0.0,0.0,0.0,0.0,48770.976744186046,415520071108.4651,50886417.86046511,1121510265716736.0,22000969973760.0,0.0,0.0,0.0,139003428864.0,2750121246720.0,901775360.0,0.0,0.0,0.0,0.0,0.0,134217728.0,1143511235690496.0,2890160668672.0,376762936590336.0,5871606169600.0,0.0,0.0,0.0,139003428864.0,733950771200.0,901775360.0,0.0,0.0,0.0,0.0,0.0,45088768.0,382634542759936.0,873901064192.0,407525532600.5581,7994538507.906977,0.0,0.0,0.0,50509966.88372093,999317313.4883721,327680.0,0.0,0.0,0.0,0.0,0.0,48770.976744186046,415520071108.4651,1050203731.3488371
16,16-bit weight+KV,llama_3_3_70b,Llama-3.3-70B,Llama-3.3-70B-Instruct 16-bit weight+KV theoretical deployment,llama_3_3_70b_16bit.json,ragged_R2,2,131072,false,prefill,ragged,varlen,last,True,4,"[256, 256, 1024, 4096]","[0, 0, 0, 0]",1408.0,4096,5632,5632,8981248.0,8981248.0,4,4,1050673152.0,True,16.0,not_applicable,1.0,1.0,794584737120256.0,140941197312.0,3083916541952.0,141083937698.9091,25025070.545454547,547570408.7272727,0.0001773771766908094,0.1773771766908094,0.0038811676060237065,3.8811676060237064,1845493760.0,1845493760.0,0.0,0.0,461373440.0,461373440.0,0.0,0.0,{},{},771040934363136.0,23543802757120.0,0.0,0.0,0.0,139003428864.0,0.0,1845493760.0,0.0,0.0,0.0,0.0,0.0,92274688.0,794584737120256.0,140941197312.0,771040934363136.0,23543802757120.0,0.0,0.0,0.0,139003428864.0,0.0,1845493760.0,0.0,0.0,0.0,0.0,0.0,92274688.0,794584737120256.0,140941197312.0,136903574993.45454,4180362705.4545455,0.0,0.0,0.0,24681006.545454547,0.0,327680.0,0.0,0.0,0.0,0.0,0.0,16384.0,141083937698.9091,25025070.545454547,771040934363136.0,23543802757120.0,0.0,0.0,0.0,139003428864.0,2942975344640.0,1845493760.0,0.0,0.0,0.0,0.0,0.0,92274688.0,794584737120256.0,3083916541952.0,771040934363136.0,23543802757120.0,0.0,0.0,0.0,139003428864.0,2942975344640.0,1845493760.0,0.0,0.0,0.0,0.0,0.0,92274688.0,794584737120256.0,3083916541952.0,136903574993.45454,4180362705.4545455,0.0,0.0,0.0,24681006.545454547,522545338.1818182,327680.0,0.0,0.0,0.0,0.0,0.0,16384.0,141083937698.9091,547570408.7272727
16,16-bit weight+KV,llama_3_3_70b,Llama-3.3-70B,Llama-3.3-70B-Instruct 16-bit weight+KV theoretical deployment,llama_3_3_70b_16bit.json,ragged_R2,2,131072,false,prefill,ragged,padded,last,True,4,"[256, 256, 1024, 4096]","[0, 0, 0, 0]",1408.0,4096,5632,16384,8981248.0,33562624.0,4,4,1050673152.0,True,16.0,not_applicable,0.34375,0.26759671711008054,2330994531106816.0,141117358080.0,11138917990400.0,413883972142.5455,25056349.090909094,1977790836.3636363,6.0539549191045875e-05,0.06053954919104587,0.004778611807858235,4.778611807858234,1845493760.0,1845493760.0,0.0,0.0,461373440.0,461373440.0,0.0,0.0,{},{},2243012126048256.0,87982405058560.0,0.0,0.0,0.0,139003428864.0,0.0,1845493760.0,0.0,0.0,0.0,0.0,0.0,268435456.0,2330994531106816.0,141117358080.0,771040934363136.0,23543802757120.0,0.0,0.0,0.0,139003428864.0,0.0,1845493760.0,0.0,0.0,0.0,0.0,0.0,92274688.0,794584737120256.0,140941197312.0,398262096244.36365,15621875898.181818,0.0,0.0,0.0,24681006.545454547,0.0,327680.0,0.0,0.0,0.0,0.0,0.0,47662.545454545456,413883972142.5455,25056349.090909094,2243012126048256.0,87982405058560.0,0.0,0.0,0.0,139003428864.0,10997800632320.0,1845493760.0,0.0,0.0,0.0,0.0,0.0,268435456.0,2330994531106816.0,11138917990400.0,771040934363136.0,23543802757120.0,0.0,0.0,0.0,139003428864.0,2942975344640.0,1845493760.0,0.0,0.0,0.0,0.0,0.0,92274688.0,794584737120256.0,3083916541952.0,398262096244.36365,15621875898.181818,0.0,0.0,0.0,24681006.545454547,1952734487.2727273,327680.0,0.0,0.0,0.0,0.0,0.0,47662.545454545456,413883972142.5455,1977790836.3636363
16,16-bit weight+KV,qwen3_8b,Qwen3-8B,Qwen3-8B 16-bit weight+KV theoretical deployment,qwen3_8b_16bit.json,ragged_R1,1,40960,false,prefill,ragged,varlen,last,True,4,"[128, 512, 2048, 64]","[0, 0, 0, 0]",688.0,2048,2752,2752,2239840.0,2239840.0,4,4,622329856.0,True,16.0,not_applicable,1.0,1.0,39555593928704.0,15564537856.0,345842384896.0,14373398956.651161,5655718.697674419,125669471.25581396,0.0003934851258725609,0.3934851258725609,0.00874319787788688,8.74319787788688,405798912.0,405798912.0,0.0,0.0,101449728.0,101449728.0,0.0,0.0,{},{},38234482540544.0,1321111388160.0,0.0,0.0,0.0,15136194560.0,0.0,405798912.0,0.0,0.0,0.0,0.0,0.0,22544384.0,39555593928704.0,15564537856.0,38234482540544.0,1321111388160.0,0.0,0.0,0.0,15136194560.0,0.0,405798912.0,0.0,0.0,0.0,0.0,0.0,22544384.0,39555593928704.0,15564537856.0,13893343946.418604,480055010.23255813,0.0,0.0,0.0,5500070.697674419,0.0,147456.0,0.0,0.0,0.0,0.0,0.0,8192.0,14373398956.651161,5655718.697674419,38234482540544.0,1321111388160.0,0.0,0.0,0.0,15136194560.0,330277847040.0,405798912.0,0.0,0.0,0.0,0.0,0.0,22544384.0,39555593928704.0,345842384896.0,38234482540544.0,1321111388160.0,0.0,0.0,0.0,15136194560.0,330277847040.0,405798912.0,0.0,0.0,0.0,0.0,0.0,22544384.0,39555593928704.0,345842384896.0,13893343946.418604,480055010.23255813,0.0,0.0,0.0,5500070.697674419,120013752.55813953,147456.0,0.0,0.0,0.0,0.0,0.0,8192.0,14373398956.651161,125669471.25581396
16,16-bit weight+KV,qwen3_8b,Qwen3-8B,Qwen3-8B 16-bit weight+KV theoretical deployment,qwen3_8b_16bit.json,ragged_R1,1,40960,false,prefill,ragged,padded,last,True,4,"[128, 512, 2048, 64]","[0, 0, 0, 0]",688.0,2048,2752,8192,2239840.0,8392704.0,4,4,622329856.0,True,16.0,not_applicable,0.3359375,0.26687942288921424,118754650357760.0,15609102336.0,1253163663360.0,43152125856.74419,5671912.186046512,455364703.2558139,0.00013143992499641953,0.13143992499641954,0.010552543917941082,10.552543917941081,405798912.0,405798912.0,0.0,0.0,101449728.0,101449728.0,0.0,0.0,{},{},113804432113664.0,4950218244096.0,0.0,0.0,0.0,15136194560.0,0.0,405798912.0,0.0,0.0,0.0,0.0,0.0,67108864.0,118754650357760.0,15609102336.0,38234482540544.0,1321111388160.0,0.0,0.0,0.0,15136194560.0,0.0,405798912.0,0.0,0.0,0.0,0.0,0.0,22544384.0,39555593928704.0,15564537856.0,41353354692.46512,1798771164.2790697,0.0,0.0,0.0,5500070.697674419,0.0,147456.0,0.0,0.0,0.0,0.0,0.0,24385.488372093023,43152125856.74419,5671912.186046512,113804432113664.0,4950218244096.0,0.0,0.0,0.0,15136194560.0,1237554561024.0,405798912.0,0.0,0.0,0.0,0.0,0.0,67108864.0,118754650357760.0,1253163663360.0,38234482540544.0,1321111388160.0,0.0,0.0,0.0,15136194560.0,330277847040.0,405798912.0,0.0,0.0,0.0,0.0,0.0,22544384.0,39555593928704.0,345842384896.0,41353354692.46512,1798771164.2790697,0.0,0.0,0.0,5500070.697674419,449692791.0697674,147456.0,0.0,0.0,0.0,0.0,0.0,24385.488372093023,43152125856.74419,455364703.2558139
16,16-bit weight+KV,qwen3_8b,Qwen3-8B,Qwen3-8B 16-bit weight+KV theoretical deployment,qwen3_8b_16bit.json,ragged_R2,2,40960,false,prefill,ragged,varlen,last,True,4,"[256, 256, 1024, 4096]","[0, 0, 0, 0]",1408.0,4096,5632,5632,8981248.0,8981248.0,4,4,622329856.0,True,16.0,not_applicable,1.0,1.0,83539458523136.0,16012804096.0,1340351709184.0,14833000448.0,2843182.5454545454,237988584.72727272,0.000191679529399455,0.191679529399455,0.01604453431802881,16.04453431802881,830472192.0,830472192.0,0.0,0.0,207618048.0,207618048.0,0.0,0.0,{},{},78242102902784.0,5297355620352.0,0.0,0.0,0.0,15136194560.0,0.0,830472192.0,0.0,0.0,0.0,0.0,0.0,46137344.0,83539458523136.0,16012804096.0,78242102902784.0,5297355620352.0,0.0,0.0,0.0,15136194560.0,0.0,830472192.0,0.0,0.0,0.0,0.0,0.0,46137344.0,83539458523136.0,16012804096.0,13892418839.272728,940581608.7272727,0.0,0.0,0.0,2687534.5454545454,0.0,147456.0,0.0,0.0,0.0,0.0,0.0,8192.0,14833000448.0,2843182.5454545454,78242102902784.0,5297355620352.0,0.0,0.0,0.0,15136194560.0,1324338905088.0,830472192.0,0.0,0.0,0.0,0.0,0.0,46137344.0,83539458523136.0,1340351709184.0,78242102902784.0,5297355620352.0,0.0,0.0,0.0,15136194560.0,1324338905088.0,830472192.0,0.0,0.0,0.0,0.0,0.0,46137344.0,83539458523136.0,1340351709184.0,13892418839.272728,940581608.7272727,0.0,0.0,0.0,2687534.5454545454,235145402.1818182,147456.0,0.0,0.0,0.0,0.0,0.0,8192.0,14833000448.0,237988584.72727272
16,16-bit weight+KV,qwen3_8b,Qwen3-8B,Qwen3-8B 16-bit weight+KV theoretical deployment,qwen3_8b_16bit.json,ragged_R2,2,40960,false,prefill,ragged,padded,last,True,4,"[256, 256, 1024, 4096]","[0, 0, 0, 0]",1408.0,4096,5632,16384,8981248.0,33562624.0,4,4,622329856.0,True,16.0,not_applicable,0.34375,0.26759671711008054,247399926726656.0,16100884480.0,4965111169024.0,43927543808.00001,2858821.8181818184,881589341.090909,6.508039308269212e-05,0.06508039308269212,0.020069169925461566,20.069169925461566,830472192.0,830472192.0,0.0,0.0,207618048.0,207618048.0,0.0,0.0,{},{},227603885588480.0,19796041138176.0,0.0,0.0,0.0,15136194560.0,0.0,830472192.0,0.0,0.0,0.0,0.0,0.0,134217728.0,247399926726656.0,16100884480.0,78242102902784.0,5297355620352.0,0.0,0.0,0.0,15136194560.0,0.0,830472192.0,0.0,0.0,0.0,0.0,0.0,46137344.0,83539458523136.0,16012804096.0,40412621730.909096,3514922077.090909,0.0,0.0,0.0,2687534.5454545454,0.0,147456.0,0.0,0.0,0.0,0.0,0.0,23831.272727272728,43927543808.00001,2858821.8181818184,227603885588480.0,19796041138176.0,0.0,0.0,0.0,15136194560.0,4949010284544.0,830472192.0,0.0,0.0,0.0,0.0,0.0,134217728.0,247399926726656.0,4965111169024.0,78242102902784.0,5297355620352.0,0.0,0.0,0.0,15136194560.0,1324338905088.0,830472192.0,0.0,0.0,0.0,0.0,0.0,46137344.0,83539458523136.0,1340351709184.0,40412621730.909096,3514922077.090909,0.0,0.0,0.0,2687534.5454545454,878730519.2727273,147456.0,0.0,0.0,0.0,0.0,0.0,23831.272727272728,43927543808.00001,881589341.090909
16,16-bit weight+KV,qwen3_4b,Qwen3-4B,Qwen3-4B 16-bit weight+KV theoretical deployment,qwen3_4b_16bit.json,ragged_R1,1,40960,false,prefill,ragged,varlen,last,True,4,"[128, 512, 2048, 64]","[0, 0, 0, 0]",688.0,2048,2752,2752,2239840.0,2239840.0,4,4,388956160.0,True,16.0,not_applicable,1.0,1.0,21321993420800.0,8464433152.0,338742280192.0,7747817376.744186,3075738.7906976743,123089491.34883721,0.00039698132275675445,0.39698132275675446,0.015886989246584732,15.886989246584733,405798912.0,405798912.0,0.0,0.0,101449728.0,101449728.0,0.0,0.0,{},{},20000882032640.0,1321111388160.0,0.0,0.0,0.0,8044544000.0,0.0,405798912.0,0.0,0.0,0.0,0.0,0.0,14090240.0,21321993420800.0,8464433152.0,20000882032640.0,1321111388160.0,0.0,0.0,0.0,8044544000.0,0.0,405798912.0,0.0,0.0,0.0,0.0,0.0,14090240.0,21321993420800.0,8464433152.0,7267762366.511628,480055010.23255813,0.0,0.0,0.0,2923162.7906976743,0.0,147456.0,0.0,0.0,0.0,0.0,0.0,5120.0,7747817376.744186,3075738.7906976743,20000882032640.0,1321111388160.0,0.0,0.0,0.0,8044544000.0,330277847040.0,405798912.0,0.0,0.0,0.0,0.0,0.0,14090240.0,21321993420800.0,338742280192.0,20000882032640.0,1321111388160.0,0.0,0.0,0.0,8044544000.0,330277847040.0,405798912.0,0.0,0.0,0.0,0.0,0.0,14090240.0,21321993420800.0,338742280192.0,7267762366.511628,480055010.23255813,0.0,0.0,0.0,2923162.7906976743,120013752.55813953,147456.0,0.0,0.0,0.0,0.0,0.0,5120.0,7747817376.744186,123089491.34883721
16,16-bit weight+KV,qwen3_4b,Qwen3-4B,Qwen3-4B 16-bit weight+KV theoretical deployment,qwen3_4b_16bit.json,ragged_R1,1,40960,false,prefill,ragged,padded,last,True,4,"[128, 512, 2048, 64]","[0, 0, 0, 0]",688.0,2048,2752,8192,2239840.0,8392704.0,4,4,388956160.0,True,16.0,not_applicable,0.3359375,0.26687942288921424,64481576615936.0,8492285952.0,1246046846976.0,23430805456.37209,3085859.720930232,452778650.7906977,0.00013170096634859907,0.13170096634859907,0.01932407537733889,19.32407537733889,405798912.0,405798912.0,0.0,0.0,101449728.0,101449728.0,0.0,0.0,{},{},59531358371840.0,4950218244096.0,0.0,0.0,0.0,8044544000.0,0.0,405798912.0,0.0,0.0,0.0,0.0,0.0,41943040.0,64481576615936.0,8492285952.0,20000882032640.0,1321111388160.0,0.0,0.0,0.0,8044544000.0,0.0,405798912.0,0.0,0.0,0.0,0.0,0.0,14090240.0,21321993420800.0,8464433152.0,21632034292.09302,1798771164.2790697,0.0,0.0,0.0,2923162.7906976743,0.0,147456.0,0.0,0.0,0.0,0.0,0.0,15240.93023255814,23430805456.37209,3085859.720930232,59531358371840.0,4950218244096.0,0.0,0.0,0.0,8044544000.0,1237554561024.0,405798912.0,0.0,0.0,0.0,0.0,0.0,41943040.0,64481576615936.0,1246046846976.0,20000882032640.0,1321111388160.0,0.0,0.0,0.0,8044544000.0,330277847040.0,405798912.0,0.0,0.0,0.0,0.0,0.0,14090240.0,21321993420800.0,338742280192.0,21632034292.09302,1798771164.2790697,0.0,0.0,0.0,2923162.7906976743,449692791.0697674,147456.0,0.0,0.0,0.0,0.0,0.0,15240.93023255814,23430805456.37209,452778650.7906977
16,16-bit weight+KV,qwen3_4b,Qwen3-4B,Qwen3-4B 16-bit weight+KV theoretical deployment,qwen3_4b_16bit.json,ragged_R2,2,40960,false,prefill,ragged,varlen,last,True,4,"[256, 256, 1024, 4096]","[0, 0, 0, 0]",1408.0,4096,5632,5632,8981248.0,8981248.0,4,4,388956160.0,True,16.0,not_applicable,1.0,1.0,46226136891392.0,8903852032.0,1333242757120.0,8207765783.272728,1580939.6363636365,236726341.8181818,0.00019261510112600455,0.19261510112600455,0.02884175158855357,28.84175158855357,830472192.0,830472192.0,0.0,0.0,207618048.0,207618048.0,0.0,0.0,{},{},40928781271040.0,5297355620352.0,0.0,0.0,0.0,8044544000.0,0.0,830472192.0,0.0,0.0,0.0,0.0,0.0,28835840.0,46226136891392.0,8903852032.0,40928781271040.0,5297355620352.0,0.0,0.0,0.0,8044544000.0,0.0,830472192.0,0.0,0.0,0.0,0.0,0.0,28835840.0,46226136891392.0,8903852032.0,7267184174.545455,940581608.7272727,0.0,0.0,0.0,1428363.6363636365,0.0,147456.0,0.0,0.0,0.0,0.0,0.0,5120.0,8207765783.272728,1580939.6363636365,40928781271040.0,5297355620352.0,0.0,0.0,0.0,8044544000.0,1324338905088.0,830472192.0,0.0,0.0,0.0,0.0,0.0,28835840.0,46226136891392.0,1333242757120.0,40928781271040.0,5297355620352.0,0.0,0.0,0.0,8044544000.0,1324338905088.0,830472192.0,0.0,0.0,0.0,0.0,0.0,28835840.0,46226136891392.0,1333242757120.0,7267184174.545455,940581608.7272727,0.0,0.0,0.0,1428363.6363636365,235145402.1818182,147456.0,0.0,0.0,0.0,0.0,0.0,5120.0,8207765783.272728,236726341.8181818
16,16-bit weight+KV,qwen3_4b,Qwen3-4B,Qwen3-4B 16-bit weight+KV theoretical deployment,qwen3_4b_16bit.json,ragged_R2,2,40960,false,prefill,ragged,padded,last,True,4,"[256, 256, 1024, 4096]","[0, 0, 0, 0]",1408.0,4096,5632,16384,8981248.0,33562624.0,4,4,388956160.0,True,16.0,not_applicable,0.34375,0.26759671711008054,138855646232576.0,8958902272.0,4957969186816.0,24654766731.636364,1590714.1818181819,880321233.4545454,6.451953892457713e-05,0.06451953892457714,0.03570592425540737,35.70592425540737,830472192.0,830472192.0,0.0,0.0,207618048.0,207618048.0,0.0,0.0,{},{},119059605094400.0,19796041138176.0,0.0,0.0,0.0,8044544000.0,0.0,830472192.0,0.0,0.0,0.0,0.0,0.0,83886080.0,138855646232576.0,8958902272.0,40928781271040.0,5297355620352.0,0.0,0.0,0.0,8044544000.0,0.0,830472192.0,0.0,0.0,0.0,0.0,0.0,28835840.0,46226136891392.0,8903852032.0,21139844654.545456,3514922077.090909,0.0,0.0,0.0,1428363.6363636365,0.0,147456.0,0.0,0.0,0.0,0.0,0.0,14894.545454545456,24654766731.636364,1590714.1818181819,119059605094400.0,19796041138176.0,0.0,0.0,0.0,8044544000.0,4949010284544.0,830472192.0,0.0,0.0,0.0,0.0,0.0,83886080.0,138855646232576.0,4957969186816.0,40928781271040.0,5297355620352.0,0.0,0.0,0.0,8044544000.0,1324338905088.0,830472192.0,0.0,0.0,0.0,0.0,0.0,28835840.0,46226136891392.0,1333242757120.0,21139844654.545456,3514922077.090909,0.0,0.0,0.0,1428363.6363636365,878730519.2727273,147456.0,0.0,0.0,0.0,0.0,0.0,14894.545454545456,24654766731.636364,880321233.4545454
16,16-bit weight+KV,qwen3_next_80b_a3b,Qwen3-Next-80B-A3B,Qwen3-Next-80B-A3B-Instruct hybrid DeltaNet+GQA 16-bit weight+KV theoretical deployment,qwen3_next_80b_a3b_16bit.json,ragged_R1,1,262144,false,prefill,ragged,varlen,last,True,4,"[128, 512, 2048, 64]","[0, 0, 0, 0]",688.0,2048,2752,2752,2239840.0,2239840.0,4,4,311164928.0,True,16.0,not_applicable,1.0,1.0,18708409876480.0,158965366784.0,214011674624.0,6798114053.953488,57763578.04651163,77765870.13953489,0.008497000431012015,8.497000431012015,0.011439330014522135,11.439330014522135,228065280.0,67633152.0,0.0,160432128.0,57016320.0,16908288.0,0.0,40108032.0,"{""16bit_routed_ffn_experts"":512.0}","{""16bit_routed_ffn_experts"":512.0}",17903631990784.0,440370462720.0,0.0,364407422976.0,0.0,158726029312.0,0.0,67633152.0,0.0,0.0,0.0,160432128.0,0.0,11272192.0,18708409876480.0,158965366784.0,17903631990784.0,440370462720.0,0.0,364407422976.0,0.0,158726029312.0,0.0,67633152.0,0.0,0.0,0.0,160432128.0,0.0,11272192.0,18708409876480.0,158965366784.0,6505680229.209302,160018336.74418604,0.0,132415488.0,0.0,57676609.488372095,0.0,24576.0,0.0,0.0,0.0,58296.558139534885,0.0,4096.0,6798114053.953488,57763578.04651163,17903631990784.0,440370462720.0,0.0,364407422976.0,0.0,158726029312.0,55046307840.0,67633152.0,0.0,0.0,0.0,160432128.0,0.0,11272192.0,18708409876480.0,214011674624.0,17903631990784.0,440370462720.0,0.0,364407422976.0,0.0,158726029312.0,55046307840.0,67633152.0,0.0,0.0,0.0,160432128.0,0.0,11272192.0,18708409876480.0,214011674624.0,6505680229.209302,160018336.74418604,0.0,132415488.0,0.0,57676609.488372095,20002292.093023255,24576.0,0.0,0.0,0.0,58296.558139534885,0.0,4096.0,6798114053.953488,77765870.13953489
16,16-bit weight+KV,qwen3_next_80b_a3b,Qwen3-Next-80B-A3B,Qwen3-Next-80B-A3B-Instruct hybrid DeltaNet+GQA 16-bit weight+KV theoretical deployment,qwen3_next_80b_a3b_16bit.json,ragged_R1,1,262144,false,prefill,ragged,padded,last,True,4,"[128, 512, 2048, 64]","[0, 0, 0, 0]",688.0,2048,2752,8192,2239840.0,8392704.0,4,4,311164928.0,True,16.0,not_applicable,0.3359375,0.26687942288921424,56024432115712.0,158987649024.0,365246742528.0,20357715158.32558,57771674.79069767,132720473.30232558,0.0028378270518767484,2.8378270518767486,0.006519418916618824,6.519418916618824,228065280.0,67633152.0,0.0,160432128.0,57016320.0,16908288.0,0.0,40108032.0,"{""16bit_routed_ffn_experts"":512.0}","{""16bit_routed_ffn_experts"":512.0}",53289611689984.0,1650072748032.0,0.0,1084747677696.0,0.0,158726029312.0,0.0,67633152.0,0.0,0.0,0.0,160432128.0,0.0,33554432.0,56024432115712.0,158987649024.0,17903631990784.0,440370462720.0,0.0,364407422976.0,0.0,158726029312.0,0.0,67633152.0,0.0,0.0,0.0,160432128.0,0.0,11272192.0,18708409876480.0,158965366784.0,19363957736.186047,599590388.0930233,0.0,394167034.04651165,0.0,57676609.488372095,0.0,24576.0,0.0,0.0,0.0,58296.558139534885,0.0,12192.744186046511,20357715158.32558,57771674.79069767,53289611689984.0,1650072748032.0,0.0,1084747677696.0,0.0,158726029312.0,206259093504.0,67633152.0,0.0,0.0,0.0,160432128.0,0.0,33554432.0,56024432115712.0,365246742528.0,17903631990784.0,440370462720.0,0.0,364407422976.0,0.0,158726029312.0,55046307840.0,67633152.0,0.0,0.0,0.0,160432128.0,0.0,11272192.0,18708409876480.0,214011674624.0,19363957736.186047,599590388.0930233,0.0,394167034.04651165,0.0,57676609.488372095,74948798.51162791,24576.0,0.0,0.0,0.0,58296.558139534885,0.0,12192.744186046511,20357715158.32558,132720473.30232558
16,16-bit weight+KV,qwen3_next_80b_a3b,Qwen3-Next-80B-A3B,Qwen3-Next-80B-A3B-Instruct hybrid DeltaNet+GQA 16-bit weight+KV theoretical deployment,qwen3_next_80b_a3b_16bit.json,ragged_R2,2,262144,false,prefill,ragged,varlen,last,True,4,"[256, 256, 1024, 4096]","[0, 0, 0, 0]",1408.0,4096,5632,5632,8981248.0,8981248.0,4,4,311164928.0,True,16.0,not_applicable,1.0,1.0,39148935184384.0,159047942144.0,379771092992.0,6951160366.545455,28240046.545454543,67430946.9090909,0.004062637754894599,4.062637754894599,0.009700674902225329,9.700674902225328,298844160.0,138412032.0,0.0,160432128.0,74711040.0,34603008.0,0.0,40108032.0,"{""16bit_routed_ffn_experts"":512.0}","{""16bit_routed_ffn_experts"":512.0}",36637385949184.0,1765785206784.0,0.0,745764028416.0,0.0,158726029312.0,0.0,138412032.0,0.0,0.0,0.0,160432128.0,0.0,23068672.0,39148935184384.0,159047942144.0,36637385949184.0,1765785206784.0,0.0,745764028416.0,0.0,158726029312.0,0.0,138412032.0,0.0,0.0,0.0,160432128.0,0.0,23068672.0,39148935184384.0,159047942144.0,6505217675.636364,313527202.90909094,0.0,132415488.0,0.0,28182888.727272727,0.0,24576.0,0.0,0.0,0.0,28485.818181818184,0.0,4096.0,6951160366.545455,28240046.545454543,36637385949184.0,1765785206784.0,0.0,745764028416.0,0.0,158726029312.0,220723150848.0,138412032.0,0.0,0.0,0.0,160432128.0,0.0,23068672.0,39148935184384.0,379771092992.0,36637385949184.0,1765785206784.0,0.0,745764028416.0,0.0,158726029312.0,220723150848.0,138412032.0,0.0,0.0,0.0,160432128.0,0.0,23068672.0,39148935184384.0,379771092992.0,6505217675.636364,313527202.90909094,0.0,132415488.0,0.0,28182888.727272727,39190900.36363637,24576.0,0.0,0.0,0.0,28485.818181818184,0.0,4096.0,6951160366.545455,67430946.9090909
16,16-bit weight+KV,qwen3_next_80b_a3b,Qwen3-Next-80B-A3B,Qwen3-Next-80B-A3B-Instruct hybrid DeltaNet+GQA 16-bit weight+KV theoretical deployment,qwen3_next_80b_a3b_16bit.json,ragged_R2,2,262144,false,prefill,ragged,padded,last,True,4,"[256, 256, 1024, 4096]","[0, 0, 0, 0]",1408.0,4096,5632,16384,8981248.0,33562624.0,4,4,311164928.0,True,16.0,not_applicable,0.34375,0.26759671711008054,115344909795328.0,159091982336.0,983927029760.0,20480275176.727272,28247866.18181818,174702952.72727272,0.0013792718085115184,1.3792718085115183,0.008530302997383362,8.530302997383362,298844160.0,138412032.0,0.0,160432128.0,74711040.0,34603008.0,0.0,40108032.0,"{""16bit_routed_ffn_experts"":512.0}","{""16bit_routed_ffn_experts"":512.0}",106576734060544.0,6598680379392.0,0.0,2169495355392.0,0.0,158726029312.0,0.0,138412032.0,0.0,0.0,0.0,160432128.0,0.0,67108864.0,115344909795328.0,159091982336.0,36637385949184.0,1765785206784.0,0.0,745764028416.0,0.0,158726029312.0,0.0,138412032.0,0.0,0.0,0.0,160432128.0,0.0,23068672.0,39148935184384.0,159047942144.0,18923425792.0,1171640692.3636365,0.0,385208692.3636364,0.0,28182888.727272727,0.0,24576.0,0.0,0.0,0.0,28485.818181818184,0.0,11915.636363636364,20480275176.727272,28247866.18181818,106576734060544.0,6598680379392.0,0.0,2169495355392.0,0.0,158726029312.0,824835047424.0,138412032.0,0.0,0.0,0.0,160432128.0,0.0,67108864.0,115344909795328.0,983927029760.0,36637385949184.0,1765785206784.0,0.0,745764028416.0,0.0,158726029312.0,220723150848.0,138412032.0,0.0,0.0,0.0,160432128.0,0.0,23068672.0,39148935184384.0,379771092992.0,18923425792.0,1171640692.3636365,0.0,385208692.3636364,0.0,28182888.727272727,146455086.54545456,24576.0,0.0,0.0,0.0,28485.818181818184,0.0,11915.636363636364,20480275176.727272,174702952.72727272
16,16-bit weight+KV,mamba_2_8b,Mamba-2.8B,state-spaces Mamba-2.8B 16-bit weight+KV theoretical deployment,mamba_2_8b_16bit.json,ragged_R1,1,,false,prefill,ragged,varlen,last,True,4,"[128, 512, 2048, 64]","[0, 0, 0, 0]",688.0,2048,2752,2752,2239840.0,2239840.0,4,4,128716800.0,True,16.0,not_applicable,1.0,1.0,14597165711360.0,5601566720.0,5601566720.0,5304202656.744186,2035453.023255814,2035453.023255814,0.0003837434492944527,0.3837434492944527,0.0003837434492944527,0.3837434492944527,52428800.0,0.0,0.0,52428800.0,13107200.0,0.0,0.0,13107200.0,{},{},14525023682560.0,0.0,0.0,72142028800.0,0.0,5535047680.0,0.0,0.0,0.0,0.0,0.0,52428800.0,0.0,14090240.0,14597165711360.0,5601566720.0,14525023682560.0,0.0,0.0,72142028800.0,0.0,5535047680.0,0.0,0.0,0.0,0.0,0.0,52428800.0,0.0,14090240.0,14597165711360.0,5601566720.0,5277988256.744186,0.0,0.0,26214400.0,0.0,2011281.8604651163,0.0,0.0,0.0,0.0,0.0,19051.162790697676,0.0,5120.0,5304202656.744186,2035453.023255814,14525023682560.0,0.0,0.0,72142028800.0,0.0,5535047680.0,0.0,0.0,0.0,0.0,0.0,52428800.0,0.0,14090240.0,14597165711360.0,5601566720.0,14525023682560.0,0.0,0.0,72142028800.0,0.0,5535047680.0,0.0,0.0,0.0,0.0,0.0,52428800.0,0.0,14090240.0,14597165711360.0,5601566720.0,5277988256.744186,0.0,0.0,26214400.0,0.0,2011281.8604651163,0.0,0.0,0.0,0.0,0.0,19051.162790697676,0.0,5120.0,5304202656.744186,2035453.023255814
16,16-bit weight+KV,mamba_2_8b,Mamba-2.8B,state-spaces Mamba-2.8B 16-bit weight+KV theoretical deployment,mamba_2_8b_16bit.json,ragged_R1,1,,false,prefill,ragged,padded,last,True,4,"[128, 512, 2048, 64]","[0, 0, 0, 0]",688.0,2048,2752,8192,2239840.0,8392704.0,4,4,128716800.0,True,16.0,not_applicable,0.3359375,0.26687942288921424,43449992642560.0,5629419520.0,5629419520.0,15788514768.372091,2045573.9534883723,2045573.9534883723,0.00012956088545998712,0.12956088545998712,0.00012956088545998712,0.12956088545998712,52428800.0,0.0,0.0,52428800.0,13107200.0,0.0,0.0,13107200.0,{},{},43235244277760.0,0.0,0.0,214748364800.0,0.0,5535047680.0,0.0,0.0,0.0,0.0,0.0,52428800.0,0.0,41943040.0,43449992642560.0,5629419520.0,14525023682560.0,0.0,0.0,72142028800.0,0.0,5535047680.0,0.0,0.0,0.0,0.0,0.0,52428800.0,0.0,14090240.0,14597165711360.0,5601566720.0,15710481205.581394,0.0,0.0,78033562.79069768,0.0,2011281.8604651163,0.0,0.0,0.0,0.0,0.0,19051.162790697676,0.0,15240.93023255814,15788514768.372091,2045573.9534883723,43235244277760.0,0.0,0.0,214748364800.0,0.0,5535047680.0,0.0,0.0,0.0,0.0,0.0,52428800.0,0.0,41943040.0,43449992642560.0,5629419520.0,14525023682560.0,0.0,0.0,72142028800.0,0.0,5535047680.0,0.0,0.0,0.0,0.0,0.0,52428800.0,0.0,14090240.0,14597165711360.0,5601566720.0,15710481205.581394,0.0,0.0,78033562.79069768,0.0,2011281.8604651163,0.0,0.0,0.0,0.0,0.0,19051.162790697676,0.0,15240.93023255814,15788514768.372091,2045573.9534883723
16,16-bit weight+KV,mamba_2_8b,Mamba-2.8B,state-spaces Mamba-2.8B 16-bit weight+KV theoretical deployment,mamba_2_8b_16bit.json,ragged_R2,2,,false,prefill,ragged,varlen,last,True,4,"[256, 256, 1024, 4096]","[0, 0, 0, 0]",1408.0,4096,5632,5632,8981248.0,8981248.0,4,4,128716800.0,True,16.0,not_applicable,1.0,1.0,29872191733760.0,5616312320.0,5616312320.0,5304011316.363637,997214.5454545455,997214.5454545455,0.0001880113909972242,0.18801139099722422,0.0001880113909972242,0.18801139099722422,52428800.0,0.0,0.0,52428800.0,13107200.0,0.0,0.0,13107200.0,{},{},29724552232960.0,0.0,0.0,147639500800.0,0.0,5535047680.0,0.0,0.0,0.0,0.0,0.0,52428800.0,0.0,28835840.0,29872191733760.0,5616312320.0,29724552232960.0,0.0,0.0,147639500800.0,0.0,5535047680.0,0.0,0.0,0.0,0.0,0.0,52428800.0,0.0,28835840.0,29872191733760.0,5616312320.0,5277796916.363637,0.0,0.0,26214400.0,0.0,982785.4545454546,0.0,0.0,0.0,0.0,0.0,9309.09090909091,0.0,5120.0,5304011316.363637,997214.5454545455,29724552232960.0,0.0,0.0,147639500800.0,0.0,5535047680.0,0.0,0.0,0.0,0.0,0.0,52428800.0,0.0,28835840.0,29872191733760.0,5616312320.0,29724552232960.0,0.0,0.0,147639500800.0,0.0,5535047680.0,0.0,0.0,0.0,0.0,0.0,52428800.0,0.0,28835840.0,29872191733760.0,5616312320.0,5277796916.363637,0.0,0.0,26214400.0,0.0,982785.4545454546,0.0,0.0,0.0,0.0,0.0,9309.09090909091,0.0,5120.0,5304011316.363637,997214.5454545455
16,16-bit weight+KV,mamba_2_8b,Mamba-2.8B,state-spaces Mamba-2.8B 16-bit weight+KV theoretical deployment,mamba_2_8b_16bit.json,ragged_R2,2,,false,prefill,ragged,padded,last,True,4,"[256, 256, 1024, 4096]","[0, 0, 0, 0]",1408.0,4096,5632,16384,8981248.0,33562624.0,4,4,128716800.0,True,16.0,not_applicable,0.34375,0.26759671711008054,86898955550720.0,5671362560.0,5671362560.0,15429502050.90909,1006989.0909090909,1006989.0909090909,6.526387485393672e-05,0.06526387485393671,6.526387485393672e-05,0.06526387485393671,52428800.0,0.0,0.0,52428800.0,13107200.0,0.0,0.0,13107200.0,{},{},86469458821120.0,0.0,0.0,429496729600.0,0.0,5535047680.0,0.0,0.0,0.0,0.0,0.0,52428800.0,0.0,83886080.0,86898955550720.0,5671362560.0,29724552232960.0,0.0,0.0,147639500800.0,0.0,5535047680.0,0.0,0.0,0.0,0.0,0.0,52428800.0,0.0,28835840.0,29872191733760.0,5616312320.0,15353241978.181818,0.0,0.0,76260072.72727273,0.0,982785.4545454546,0.0,0.0,0.0,0.0,0.0,9309.09090909091,0.0,14894.545454545456,15429502050.90909,1006989.0909090909,86469458821120.0,0.0,0.0,429496729600.0,0.0,5535047680.0,0.0,0.0,0.0,0.0,0.0,52428800.0,0.0,83886080.0,86898955550720.0,5671362560.0,29724552232960.0,0.0,0.0,147639500800.0,0.0,5535047680.0,0.0,0.0,0.0,0.0,0.0,52428800.0,0.0,28835840.0,29872191733760.0,5616312320.0,15353241978.181818,0.0,0.0,76260072.72727273,0.0,982785.4545454546,0.0,0.0,0.0,0.0,0.0,9309.09090909091,0.0,14894.545454545456,15429502050.90909,1006989.0909090909
